ID_ACIDENT;CADLOGA;CADLOGB;ALT_NUM;REFERENCIA;DATA;HORA;COD_ACID;FONTE;VIATURA;DP;TALAO;SENTIDO;PISTA;VEICULOS;VITIMAS;DEC;DISTRITO;FOLHA;PRINC_A;PRINC_B;PLACA1;TIPO_PLAC1;PLACA2;TIPO_PLAC2;PLACA3;TIPO_PLAC3;TIPO_ACIDE;FLAG_DUPL;NV_DUPL;DUPLACAS
D091200005;06642;;3350;;07/09/2012;0058;4;D;;01;6232;;;01000000000000000;0100;CT;09;0101;06642;;EGZ1898;MO;;;;;AT;;;
D091200008;03403;;175;;16/09/2012;0045;4;D;;01;6444;;;10000000000000000;0100;CT;80;0101;03403;;KYB4933;AU;;;;;AT;;;
D091200009;16725;06136;;;16/09/2012;1344;2;D;;01;6458;C;;01000000000000010;0100;CT;80;0101;06136;16725;CDI4765;MO;;SI;;;CL;;;
D091200010;16523;;113;;18/09/2012;2156;4;D;;01;6526;C;;01000000000000000;0100;CT;01;0101;16523;;DVH1261;MO;;;;;AT;;;
D091200013;10376;;45;;25/09/2012;2218;4;D;;01;6693;;;10010000000000000;0100;CT;80;0102;10376;;ELB5865;CA;DIV5938;AU;;;AT;;;
D091200016;06642;;3100;;06/09/2012;1530;2;D;;01;7398;;;11000000000000000;0100;CT;09;0102;06642;;EHZ8676;MO;CRJ8702;AU;;;CO;;;
D091200022;03403;;314;;12/09/2012;0850;4;D;;01;8467;;;00000001000000000;0100;CT;80;0102;03403;;DTA3952;OU;;;;;AT;;;
D091200023;05520;17025;;;14/09/2012;1000;2;D;;01;8554;;;20000000000000000;0100;CT;80;0102;05520;17025;EXT4035;AU;DCO6116;AU;;;CO;;;
D091200026;19764;;;SBVD JACEGUAI;26/09/2012;0855;2;D;;01;8926;;;02000000000000000;0100;;17;0103;19764;;ESE8390;MO;DRY6381;MO;;;CO;;;
D091200027;16725;;526;;28/09/2012;1606;4;D;;01;9038;;;00000001000000000;0100;CT;09;0103;16725;;EMU0967;OU;;;;;AT;;;
D091200028;19745;;324;;29/09/2012;0859;4;D;;01;9054;;;00000000000100000;0100;CT;80;0103;19745;;DZG6328;CM;;;;;AT;;;
D091200029;17545;;;NC;02/09/2012;0655;2;D;;01;10564;;;00000001000000000;0100;;01;0103;17545;;DTD0281;OU;;;;;QD;;;
D091200030;15635;17293;;;14/09/2012;0840;2;D;;01;900580;;;11000000000000000;0100;CT;80;0103;15635;17293;FAY4221;MO;DWR2346;AU;;;CO;;;
D091200031;10376;;;NC;18/09/2012;1700;2;D;;01;900592;;;11000000000000000;0100;;80;0103;10376;;MST6003;MO;LOQ2210;AU;;;CO;;;
D091200064;09276;10101;;;14/09/2012;2309;4;D;;03;6812;;;01000000000000000;0200;CT;67;0107;09276;10101;DYW1259;MO;;;;;AT;;;
D091200065;09276;;746;;14/09/2012;2012;4;D;;03;6816;;;00000001000000000;0100;CT;67;0107;09276;;DJB1214;OU;;;;;AT;;;
D091200066;16593;;242;;03/09/2012;1000;2;D;;03;7021;;;11000000000000000;0100;CT;09;0107;16593;;CAJ6738;AU;DCR1163;MO;;;CL;;;
D091200067;00700;;71;;07/09/2012;0715;2;D;;03;7176;;;01000000000100000;0100;CT;67;0107;00700;;DJL3925;CM;ECS9849;MO;;;CO;;;
D091200068;19996;;316;;10/09/2012;1029;2;D;;03;7240;;;11000000000000000;0100;CT;00;0107;19996;;DIG7196;AU;DAA3962;MO;;;CO;;;
D091200070;14804;;99;;14/09/2012;1615;2;D;;03;7427;;;01000000000000000;0100;CT;63;0108;14804;;EJM5548;MO;;;;;QM;;;
D091200072;09276;;727;;19/09/2012;1845;4;D;;03;7583;;;10000000000000000;0100;CT;67;0108;09276;;EQT9118;AU;;;;;AT;;;
D091200073;06285;;;NC;20/09/2012;1430;2;D;;03;7608;;;00001000000100000;0100;;67;0108;06285;;;BI;DRM0022;CM;;;OU;;;
D091200074;19996;;328;;25/09/2012;1603;4;D;;03;7715;;;00000001000000000;0100;CT;00;0108;19996;;DTA0674;OU;;;;;AT;;;
D091200077;01667;;26;;28/09/2012;0909;4;D;;03;7786;;;10000000000000000;0100;CT;67;0109;01667;;EBF2368;AU;;;;;AT;;;
D091200078;04831;;;NC;20/09/2012;0815;4;D;;03;8733;;;10000000000000000;0100;;67;0109;04831;;LPP3205;AU;;;;;AT;;;
D091200110;19764;;;NC;19/09/2012;0650;4;D;;05;5346;;;11000000000000000;0100;;17;0113;19764;;EBO9033;AU;FAF0945;MO;;;AT;;;
D091200120;14810;;;PXVD MJ QUEDINH;29/09/2012;1730;2;D;;05;7182;;;20000000100000000;0100;;67;0114;14810;;EJD5406;AU;EFW8005;AU;DSL7809;MC;CF;;;
D091200127;19764;;;PXVD JACEGUAI;29/09/2012;1901;4;D;;05;7685;B;;21000000000000000;0100;;17;0115;19764;;EXL0556;MO;EJK3531;AU;DSI6013;AU;AT;;;
D091200128;19764;;;PXVD JACEGUAI;29/09/2012;2320;2;D;;05;7695;B;;01000000000000000;0100;;17;0115;19764;;EII4880;MO;;;;;QM;;;
D091200438;19764;;;SBVD TUTOIA;14/09/2012;1007;2;D;;36;3580;B;;11000000000000000;0100;;17;0219;19764;;DOM6954;AU;BXQ8692;MO;;;CO;;;
D091200449;19764;;;NC;01/09/2012;0023;2;D;;36;8618;C;;11000000000000000;0100;;17;0220;19764;;DVI4991;AU;EXC5512;MO;;;CO;;;
D091202489;06642;;3300;;02/09/2012;0210;4;D;;05;5152;;;10000000000000000;0001;;;0008;06642;;FFB9090;AU;;;;;AT;;;
D101200006;06642;13853;;;09/10/2012;0224;2;D;;01;7047;;;10001000000000000;0100;CT;80;0101;06642;13853;FAL6054;AU;;BI;;;CO;;;
D101200007;19764;;10;;16/10/2012;2315;2;D;;01;7241;;;01000000000000000;0100;VM;17;0101;19764;;BRU0438;MO;;;;;QM;;;
D101200010;13853;06642;;;30/10/2012;1530;2;D;;01;7938;;;11000000000000000;0100;CT;80;0101;06642;13853;FAP6247;MO;FEP8983;AU;;;CO;;;
D101200011;19745;04342;;;01/10/2012;1611;4;D;;01;9113;;;01000000000000000;0200;CT;80;0102;04342;19745;DJT9118;MO;;;;;AT;;;
D101200012;15984;;148;;02/10/2012;1030;2;D;;01;9133;;;00001000000100000;0100;CT;01;0102;15984;;FAD8310;CM;;BI;;;CO;;;
D101200013;05111;16870;;;03/10/2012;0850;4;D;;01;9173;;;01000000000000000;0100;CT;80;0102;05111;16870;DZR6923;MO;;;;;AT;;;
D101200017;04146;13853;;;06/10/2012;0850;2;D;;01;9288;;;10000001000000000;0100;CT;80;0102;04146;16725;CDQ7695;AU;DTC5647;OU;;;CO;;;
D101200018;11824;06889;;;06/10/2012;1809;4;D;;01;9305;;;10000000000000000;0100;CT;80;0102;06889;11824;CRA8314;AU;;;;;AT;;;
D101200024;03387;;100;;12/10/2012;1115;4;D;;01;9533;;;10000000000000000;0100;CT;80;0103;03387;;EBN7071;AU;;;;;AT;;;
D101200026;04342;;100;;17/10/2012;1630;4;D;;01;9695;;;10000000000000000;0100;CT;80;0103;04342;;EMV2460;AU;;;;;AT;;;
D101200027;17226;19543;;;18/10/2012;1410;2;D;;01;9729;;;11000000000000000;0100;;;0103;17226;19543;DNG8003;MO;EZK8120;AU;;;CL;;;
D101200029;10376;;10;;19/10/2012;1420;4;D;;01;9776;;;01000000000000000;0100;CT;80;0103;99971;;EHK5796;MO;;;;;AT;;;
D101200030;19745;;100;;19/10/2012;1800;4;D;;01;9780;;;10000000000000000;0100;CT;80;0103;19745;;DTD1550;AU;;;;;AT;;;
D101200031;13853;04146;;;20/10/2012;0620;2;D;;01;9784;;;11000000000000000;0100;CT;80;0103;04146;16725;EJN2892;MO;ELX7436;AU;;;CO;;;
D101200035;35597;;;NC;23/10/2012;1410;2;D;;01;9893;;;02000000000000000;0100;;80;0104;12165;;DOU9569;MO;DPD5154;MO;;;CO;;;
D101200037;06642;;3315;;25/10/2012;1355;4;D;;01;3364;;;01000000000000000;0100;CT;09;0104;06642;;OVU5428;MO;;;;;AT;;;
D101200038;35597;;;PXR.MARIA PAULA;29/10/2012;0640;2;D;;01;10057;;;00000001100000000;0100;;80;0104;12165;;ASW6715;MC;DJB5730;OU;;;SI;;;
D101200039;06642;;3300;;31/10/2012;1420;4;D;;01;1017;;;01000000000000000;0100;CT;09;0104;06642;;DFD9794;MO;;;;;AT;;;
D101200040;16744;;100;;31/10/2012;1315;4;D;;01;10183;;;10000000000000000;0100;CT;01;0104;16744;;ERQ5037;AU;;;;;AT;;;
D101200041;15635;;;NC;31/10/2012;1820;2;D;;01;10199;;;02000000000000000;0100;;80;0104;15635;;EXB2441;MO;DJJ8905;MO;;;SI;;;
D101200042;13317;;122;;11/10/2012;0930;2;D;;01;12170;;;11000000000000000;0100;CT;17;0104;13317;;EQD2568;MO;EBG9794;AU;;;CO;;;
D101200068;19759;09276;;;14/10/2012;0530;2;D;;03;7586;;;10000000000000000;0200;;;0107;09276;19759;DIM5852;AU;;;;;CH;;;
D101200069;17115;09276;;;14/10/2012;1830;4;D;;03;7597;;;10000000000000000;0100;CT;67;0107;09276;17115;DTR3891;AU;;;;;AT;;;
D101200072;17115;;34;;03/10/2012;1204;4;D;;03;7898;;;00000001000000000;0100;CT;05;0107;17115;;ELW8568;OU;;;;;AT;;;
D101200074;17115;;;DPC.AV AURORA;08/10/2012;0800;2;D;;03;8046;;;11000000000000000;0100;;05;0107;17115;;ESR0774;MO;HFV4490;AU;;;CT;;;
D101200075;16725;19017;;;10/10/2012;1443;2;D;;03;8151;;;01000000010000000;0100;CT;67;0107;16725;19017;EXA4432;MO;DLA3582;VA;;;CL;;;
D101200078;09276;;919;;19/10/2012;1510;2;D;;03;8406;C;;01000000000000000;0100;CT;67;0109;09276;;EXB2452;MO;;;;;QM;;;
D101200079;04831;;200;;23/10/2012;1554;4;D;;03;8495;;;01000000000000000;0200;CT;67;0109;04831;;EJN5988;MO;;;;;AT;;;
D101200083;09276;;800;;04/10/2012;0649;2;D;;03;9264;;;00000001000000000;0100;CT;67;0109;09276;;DTB1687;OU;;;;;QD;;;
D101200093;05245;13632;;;21/10/2012;0440;2;D;;04;6965;;;10000000000000010;0100;CT;67;0110;05245;19996;;SI;CQR3392;AU;;;CL;;;
D101200126;19764;;;PXVD PEDROSO;21/10/2012;1400;2;D;;05;6998;;;00001000000100000;0100;;17;0114;19764;;;CM;;BI;;;CO;;;
D101200127;19764;;;PXBENEF PORTUGU;06/10/2012;2345;2;D;;05;7864;;;11000000000000000;0100;;17;0114;19764;;EQR9694;MO;EME4986;AU;;;CT;;;
D101200128;19764;;;NC;09/10/2012;2000;4;D;;05;7940;;;00000000000000010;0100;;17;0114;19764;;;SI;;;;;AT;;;
D101200130;19764;;;PXPCA ARTESOES;12/10/2012;1800;2;D;;05;8025;;;11000000000000000;0200;;17;0114;19764;;DFA6486;MO;;AU;;;CT;;;
D101200134;19764;;;SBVD PEDROSO;20/10/2012;0425;2;D;;05;8233;;;10000000000000000;0300;;17;0114;19764;;DEA2736;AU;;;;;CH;;;
D101200135;14810;;10;;24/10/2012;2241;4;D;;05;8380;;;10000000000000000;0100;CT;67;0115;14810;;DQJ6936;AU;;;;;AT;;;
D101200136;19764;;;ACR D.PAULIN;28/10/2012;0230;4;D;;05;8468;;;00000000000100000;0100;;17;0115;19764;;DCX8585;CM;;;;;AT;;;
D101200140;14810;;;NC;31/10/2012;1930;2;D;;05;8607;;;20000001000000000;0100;;67;0115;14810;;DTB7596;OU;EVX6782;AU;EIA6157;AU;CT;;;
D101200419;19764;;;ACTN.AYRTON SEN;05/10/2012;1424;2;D;;36;2847;;;11000000000000000;0100;;17;0218;19764;;BZX8095;MO;DLA8435;AU;;;CO;;;
D101200431;19764;;;PXVD STA GENERO;07/10/2012;1230;2;D;;36;10126;;;21000000000000000;0100;;17;0218;43106;;ELL0034;AU;ESE0680;MO;EMY1168;AU;CO;;;
D101200433;19764;;;PXVD TUTOIA;20/10/2012;1030;2;D;;36;10796;;;11000000000000000;0100;;17;0218;19764;;EJR1106;MO;KBQ8828;AU;;;CT;;;
D101201623;06238;;17000;;25/10/2012;0805;2;D;;11;11661;;;11000000000000000;0200;PB;90;0606;13014;;DOB0564;MO;CVA7780;AU;;;CL;;;
D101202265;17824;;17000;;03/10/2012;1603;4;D;;55;4359;;;01000000000000000;0100;VP;33;0817;17824;;;MO;;;;;AT;;;
D101202405;07336;;98;;10/10/2012;0830;4;D;;01;3054;;;00100000000000000;0001;CT;80;0004;07336;;DTB7573;ON;;;;;AT;;;
D101202416;17115;;34;;02/10/2012;1204;4;D;;14;10517;;;00100000000000000;0001;CT;05;0006;17115;;ELW8568;ON;;;;;AT;;;
D101202427;19764;;;PXR.DNA.PAULINA;28/10/2012;0230;4;D;;05;6211;;;10000000000000000;0001;;17;0007;19764;;DCX8585;AU;;;;;AT;;;
D111200004;03189;17545;;;29/11/2012;1544;2;D;;01;6057;;;01010000000000000;0100;CT;80;1001;03189;17545;X;MO;DSJ7554;CA;;;CF;;;
D111200005;13317;;134;;28/11/2012;1730;2;D;;01;6805;;;01000000000000000;0100;CT;17;0101;13317;;EXF8636;MO;;;;;QM;;;
D111200007;16725;;631;;03/11/2012;1900;4;D;;01;7706;C;;00100000000000000;0100;CT;09;0101;16725;;EZL9809;ON;;;;;AT;;;
D111200013;17025;19764;;;14/11/2012;1952;4;D;;01;7988;;;01000000000000000;0200;CT;80;0101;15261;17025;CMI4263;MO;;;;;AT;;;
D111200014;03189;;98;;14/11/2012;1250;2;D;;01;7991;C;;00000001000000000;0100;CT;80;0101;03189;;DTB1789;OU;;;;;QD;;;
D111200015;17545;;421;;18/11/2012;1527;2;D;;01;8074;;;00000001000000000;0100;CT;01;0101;17545;;EZL5860;OU;;;;;QD;;;
D111200017;15635;;9;;19/11/2012;2205;4;D;;01;8116;;;10000000000000000;0300;CT;80;0102;15635;;DCE7455;AU;;;;;AT;;;
D111200022;17025;;251;;06/11/2012;1950;2;D;;01;10379;;;11000000000000000;0100;CT;01;0103;17025;;HNS1464;AU;BPS6914;MO;;;CO;;;
D111200023;16523;;100;;08/11/2012;1805;4;D;;01;10462;;;00000000000000001;0100;CT;01;0103;16523;;;CO;;;;;AT;;;
D111200025;13317;;100;;13/11/2012;1630;2;D;;01;10610;;;00000000000000010;0100;CT;17;0103;13317;;;SI;;;;;QD;;;
D111200028;06642;13853;;;17/11/2012;0550;2;D;;01;10711;;;11000000000000000;0100;CT;80;0103;06642;13853;ABG0076;AU;EHF9843;MO;;;CL;;;
D111200030;02404;;100;;04/11/2012;1400;2;D;;01;10847;;;00000000000200000;0100;CT;80;0103;02404;;OLX7498;CM;EQZ9661;CM;;;CO;;;
D111200031;15635;10376;;;23/11/2012;1615;2;D;;01;10887;;;01000000000000000;0200;;;0104;10376;15635;DOU8073;MO;;;;;QM;;;
D111200032;15635;;80;;24/11/2012;1350;2;D;;01;10916;;;11000000000000000;0100;CT;80;0104;15635;;EBG3495;AU;EXD6207;MO;;;SI;;;
D111200034;17226;19543;;;27/11/2012;1110;4;D;;01;109894;;;10000000000000000;0100;;;0104;17226;19543;EMQ985;AU;;;;;AT;;;
D111200036;35616;;;NC;29/11/2012;1735;4;D;;01;11083;;;00000001000000000;0100;;06;0104;16870;;ELQ5883;OU;;;;;AT;;;
D111200037;19745;04469;;;30/11/2012;1231;4;D;;01;11109;;;00000001000000000;0100;CT;80;0104;07024;19745;DTA3991;OU;;;;;AT;;;
D111200065;12132;05245;;;14/11/2012;0000;2;D;;03;3016;;;01000000000100000;0100;CT;67;0108;05245;19996;EFK5158;MO;EJL9684;CM;;;CO;;;
D111200067;09276;02947;;;25/11/2012;1155;2;D;;03;3227;;;01000001000000000;0100;CT;67;0108;02947;09276;EHT3540;MO;DTA7384;OU;;;CL;;;
D111200068;16861;;999;;01/11/2012;1740;2;D;;03;8813;;;00000001000000000;0100;CT;07;0108;16861;;DTA3950;OU;;;;;QD;;;
D111200069;10101;;700;;05/11/2012;0930;4;D;;03;8869;;;10000000000000000;0100;HG;67;0108;10101;;CTJ8153;AU;;;;;AT;;;
D111200071;16593;;300;;07/11/2012;0657;4;D;;03;8939;;;10000000000000000;0100;CT;09;0108;16593;;EMG6773;AU;;;;;AT;;;
D111200072;19017;16725;;;10/11/2012;1453;2;D;;03;9055;;;20000000000000000;0100;CT;67;0108;16725;19017;DNT4218;AU;EXX2105;AU;;;CL;;;
D111200074;16593;;414;;16/11/2012;0939;2;D;;03;9214;;;01000001000000000;0100;CT;09;0109;16593;;FAL4500;MO;DJC1648;OU;;;CO;;;
D111200077;09276;17115;;;16/11/2012;1525;2;D;;03;9241;;;00000001000000000;0100;CT;67;0109;09276;17115;OJC1074;OU;;;;;QD;;;
D111200080;04831;;99;;23/11/2012;1817;4;D;;03;9451;;;10000000000000000;0100;CT;67;0109;04831;;EFV2754;AU;;;;;AT;;;
D111200082;16593;;474;;26/11/2012;1440;2;D;;03;9516;;;11000000000000000;0100;CT;09;0109;16593;;DOU5548;MO;EFE8154;AU;;;CO;;;
D111200083;15323;;;PXAV SAO  JOAO;29/11/2012;1325;2;D;;03;9613;;;00000001000100000;0100;;05;0109;15323;;DJM0271;CM;DTA0646;OU;;;CO;;;
D111200103;13632;;;PXPC DES MARIO;19/11/2012;0330;2;D;;04;9132;;;10000000000000000;0100;;67;0111;13632;;DQJ9309;AU;;;;;CH;;;
D111200107;19764;;;SBVD PEDROSO;06/11/2012;1800;2;D;;05;6408;;;11000000000000000;0100;;17;0112;19764;;EQM0857;AU;DUW6537;MO;;;CT;;;
D111200117;19764;;;NC;28/11/2012;1803;4;D;;05;6803;;;01000000000000000;0200;;17;0113;19764;;DPV0321;MO;;;;;AT;;;
D111200122;19764;;;PXVD.CONDENSA;11/11/2012;2245;2;D;;05;8925;;;10000000000000000;0100;;17;0113;19764;;DUH7491;AU;;;;;CH;;;
D111200190;06642;01084;;;10/11/2012;0015;4;D;;12;7850;;;10000000000000000;0100;CT;80;0123;06642;13853;ABY6847;AU;;;;;AT;;;
D111200389;19764;;;NC;01/11/2012;0930;2;D;;36;11360;;;11000000000000000;0100;;17;0218;19764;;;AU;DYY3014;MO;;;CT;;;
D111200390;19764;;;PXR CEL OSCAR P;25/11/2012;0700;2;D;;36;11627;;;10000000000000000;0300;;17;0218;19764;;CSC4187;AU;;;;;CH;;;
D111200706;16838;;17000;;01/11/2012;0520;2;D;;46;5290;;;00100000000100000;0100;FL;31;0329;16838;;DZC0509;CM;FSH5040;ON;;;CO;;;
D111200708;16838;;17000;;10/11/2012;1530;2;D;;46;5458;;;30010000000000000;0100;FL;31;0329;16838;;DTE7023;CA;ERV9199;AU;DAL0915;AU;CT;;;
D111200806;13014;;17000;;03/11/2012;1100;2;D;;89;8311;;;20010000000000000;0100;PB;40;0342;13014;;EFU6975;AU;DSA3643;AU;FCR1057;CA;CO;;;
D111201169;04146;;;PXR.ANA SACRAME;23/11/2012;1310;4;D;;73;11971;;;00000000000000010;0100;;09;0435;04146;;;SI;;;;;AT;;;
D111201411;06238;;17000;;09/11/2012;1130;2;D;;11;96;;;21000000000000000;0100;PB;90;0601;13014;;ETC8300;AU;HCV1934;AU;FAY6891;MO;CO;;;
D111201423;06238;;17000;;07/11/2012;0950;2;D;;11;12247;;;11000000000000000;0100;PB;90;0602;13014;;DXN2039;MO;EQS3509;AU;;;CO;;;
D121200005;06642;13853;;;07/12/2012;1900;2;D;;01;8600;;;01000000000100000;0100;CT;80;0101;06642;13853;FGQ5384;CM;GJR3096;MO;;;CO;;;
D121200006;19764;;;ATVD.PEDROSO;07/12/2012;2030;2;D;;01;8610;;;01000000000000000;0100;;17;0101;19764;;EXK5354;MO;;;;;CH;;;
D121200010;15635;12165;;;03/12/2012;0820;2;D;;01;11162;;;00000001000000000;0100;CT;67;0101;02398;12165;DJB3213;OU;;;;;SI;;;
D121200011;16725;19745;;;03/12/2012;1119;4;D;;01;11183;;;10000000000000000;0100;CT;67;0101;16725;19745;ELW9194;AU;;;;;AT;;;
D121200012;15984;;713;;06/12/2012;1312;4;D;;01;11327;;;00010000000000000;0100;CT;01;0102;15984;;;CA;;;;;AT;;;
D121200014;10376;;;NC;07/12/2012;1730;2;D;;01;11374;;;11000000000000000;0100;;80;0102;10376;;CPM3563;AU;DJK8136;MO;;;CO;;;
D121200015;01454;;;PXP? SE;12/12/2012;1120;4;D;;01;11510;;;00000001000000000;0100;;80;0102;01454;;FCB2742;OU;;;;;AT;;;
D121200017;15984;19745;;;13/12/2012;1120;4;D;;01;11548;;;00000001000000000;0100;;;0102;15984;19745;DTB8897;OU;;;;;AT;;;
D121200021;10376;;10;;17/12/2012;0630;4;D;;01;11642;;;10000000000000000;0100;CT;80;0102;10376;;ESK7474;AU;;;;;AT;;;
D121200022;06642;;3967;;17/12/2012;1120;2;D;;01;11659;;;11000000000000000;0100;CT;09;0102;06642;;DBQ8655;AU;EKI9320;MO;;;CO;;;
D121200023;16725;19745;;;17/12/2012;1640;4;D;;01;11679;;;01000000000000000;0100;CT;67;0102;16725;19745;EJN6619;MO;;;;;AT;;;
D121200027;10376;;140;;27/12/2012;1500;2;D;;01;11943;;;11000000000000000;0100;CT;80;0103;10376;;NXZ5389;AU;ECT1640;MO;;;CO;;;
D121200029;01454;;45;;29/12/2012;0630;4;D;;01;11990;;;10000000000000000;0100;CT;80;0103;01454;;DPS8853;AU;;;;;AT;;;
D121200033;33602;;;NC;11/12/2012;0250;2;D;;01;8695;;;01000000000000000;0100;;01;0103;33602;;DZO2508;MO;;;;;QM;;;
D121200034;13853;06642;;;20/12/2012;1330;2;D;;01;11787;;;20000000000000000;0100;CT;80;0103;06642;13853;DPJ5847;AU;EZT7974;AU;;;CO;;;
D121200066;09276;;1000;;17/12/2012;1940;4;D;;03;193;;;10000000000000000;0100;CT;67;0108;09276;;;AU;;;;;AT;;;
D121200067;12132;;150;;01/12/2012;1030;2;D;;03;305;;;20000000000100000;0100;CT;67;0108;12132;;DPS4585;AU;NZJ0080;AU;ENV8362;CM;CO;;;
D121200071;16593;;545;;09/12/2012;1153;2;D;;03;3538;C;;20000000000000000;0100;CT;09;0108;16593;;DZM1916;AU;FEX6698;AU;;;CH;;;
D121200072;14804;;216;;15/12/2012;2234;4;D;;03;3676;;;00000001000000000;0100;CT;63;0108;14804;;DTD3441;OU;;;;;AT;;;
D121200073;17115;;100;;17/12/2012;2145;2;D;;03;3720;;;11000000000000000;0100;CT;05;0108;17115;;FFB7890;MO;EQG6500;AU;;;CO;;;
D121200076;16725;;107;;28/12/2012;2317;4;D;;03;3955;;;00000001000000000;0100;CT;09;0108;16725;;DTB1740;OU;;;;;AT;;;
D121200077;17986;15938;;;06/12/2012;1500;2;D;;03;9829;;;01000001000000000;0100;;;0109;15938;17986;ELW2978;OU;DRZ0755;MO;;;CO;;;
D121200079;99464;;;PXPRESTES MAIA;11/12/2012;1110;2;D;;03;9961;C;;01000000000001000;0100;;67;0109;99464;;DXH1841;JI;EHZ1358;MO;;;CO;;;
D121200081;18108;;277;;19/12/2012;1827;4;D;;03;10196;;;01000000000000000;0100;CT;07;0109;18108;;EOU1573;MO;;;;;AT;;;
D121200082;09276;17115;;;20/12/2012;1638;2;D;;03;10223;;;01000000000100000;0100;CT;67;0109;09276;17115;DUY4039;MO;CDF0153;CM;;;CO;;;
D121200083;12951;;;NC;07/12/2012;1130;4;D;;03;10230;;;00000000000000010;0100;;67;0109;12951;;;SI;;;;;AT;;;
D121200114;19764;;300;;17/12/2012;0645;2;D;;05;10589;;;00000000000100010;0100;VM;17;0113;19764;;EJY7722;CM;;SI;;;CT;;;
D121200268;15635;;10;;29/12/2012;1112;2;D;;1;12002;;;01000000000000000;0100;CT;80;0131;15635;;KVE2751;MO;;;;;QM;;;
D121200413;19764;;;NC;14/12/2012;1740;2;D;;36;4891;;;11000000000000000;0100;;17;0218;19764;;EXG3688;MO;FGE5645;AU;;;CO;;;
D121200449;01242;;10;;19/12/2012;1030;2;D;;95;5316;;;11000000000000000;0100;CT;80;0222;01242;;EVD7794;AU;EOS8034;MO;;;CO;;;
D121202286;35449;;17000;;01/12/2012;1715;2;D;;33;10572;;;01010000000000000;0101;RV;64;0001;35449;;DJZ1882;MO;ESW9781;CA;;;QM;;;
D121202309;06136;;401;;23/12/2012;0330;4;D;;08;8976;;;00010000000000000;0001;CT;80;0003;06136;;BTA1910;CA;;;;;AT;;;